index,m0,A,int,SN,mult
36,3022.16506338477,130.494653249473,646.909032836376,11.9242216118325,3
58,3028.6525499841,167.062577530568,828.868578429908,11.690180628729,3
80,3034.86119851194,124.378526477647,617.578733872601,19.969388860733,3
118,3045.75382085305,247.380530495315,1230.01116021481,39.0397082246089,2
138,3051.65275882486,119.636631661713,595.292576745964,13.0714576732953,2
185,3065.23151978736,129.075318398447,643.356262650967,13.6473379075513,2
208,3071.90154331638,79.6429665146662,397.301119365461,15.8580066677264,2
265,3088.5330325031,436.90543961263,2184.0681687058,45.6207331363126,3
276,3091.60470125194,367.254236374773,1836.59223437094,36.3946622333583,3
294,3096.85780319633,191.779124656452,959.694576591518,23.0529149919169,3
351,3113.48559445621,455.588277953991,2284.58644963905,76.0760475306789,1
429,3136.47852884392,285.094599975714,1433.73903052391,45.1087322034911,1
454,3143.8575638271,217.861310235066,1096.63061285647,14.215495705539,1
510,3160.33680750214,291.983807369307,1472.75014147595,29.1251450859581,4
529,3165.83819596404,121.081330712227,611.144936776949,25.6281648631918,4
554,3173.22366170065,70.341712725684,355.367740343523,16.4117436771142,4
585,3182.30690177499,127.614421277682,645.436982899128,17.9564573741751,4
663,3205.49476846816,412.526963415171,2092.4367637447,66.3858435988209,1
715,3220.96572406365,618.123462692475,3141.26459551785,29.0985173810379,2
735,3227.09602368558,315.143064366533,1602.74787184812,32.3672041891236,2
25,3243.90433166749,202.948727503183,1034.28992199749,26.1248016642301,2
46,3250.23178376082,276.774611728029,1411.62704370008,43.9130111520357,2
102,3267.11765128713,148.250271119314,757.686064457698,17.970995763004,2
119,3272.20479206169,163.255525630401,834.896215564677,31.627183373566,2
21,3289.10163804441,249.08557545508,1276.47239446115,31.2167940465445,3
40,3295.01994004589,150.65990418903,772.63560397903,20.1350390125677,3
59,3300.72934825709,91.4352458097937,469.238398312956,19.6614241498356,3
51,3320.2697882419,1145.65028264531,5893.41430791853,36.5451729016093,1
70,3326.09818077689,226.106582330842,1163.95542256847,18.6287319844102,3
90,3332.21053272372,209.478801744817,1079.16099928168,29.5626759390734,3
110,3338.06249550601,167.749159668754,864.79973214433,26.4818915785453,3
167,3355.39557663705,55.8900821612538,288.738027068211,13.9335225992421,4
190,3362.51496652703,86.9802212050525,449.743216889584,16.2657813751804,4
210,3368.56355710729,180.040872507312,931.60854365223,25.978578479836,4
227,3373.68886265476,152.825896392191,791.277442700636,36.0731860375308,4
26,3388.48913154445,60.7083876649361,314.889201331865,10.9980544458274,1
68,3401.40294173874,265.880331398067,1381.25007152657,45.0938589418921,1
24,3423.84971995836,188.153054114471,980.102930229776,20.3987696806244,1
55,3433.29663236983,256.968617272575,1340.089408378,38.9830436468065,3
93,3445.097539902,146.470345389637,764.924889627752,14.1895820760325,3
115,3451.88598987886,367.625279040962,1921.44548347148,30.4695574928546,3
170,3468.77323527479,214.633091416772,1124.08149012942,39.849088235348,3
187,3473.96025701748,147.357846936904,772.224964817253,53.6888961516428,3
205,3479.56660336672,93.3027119565595,489.27822380051,34.6077130106963,3
241,3490.89676316358,139.945644237418,734.866768530006,33.0947418109373,2
264,3498.041792013,122.769793972177,645.224568450587,21.2865470100407,2
307,3511.15141312434,193.650694502118,1019.33455797645,36.9123583987011,3
328,3517.72723176631,143.836784761377,757.717825864065,23.6497019492704,3
345,3523.08438054266,86.1763713965216,454.257818324861,17.1732110868206,3
26,3538.34305590609,66.9957559978574,353.792455719725,11.3131466510549,2
46,3544.66793108797,109.163330980521,576.904444458575,10.8786850139465,2
84,3556.57654424567,322.678311748037,1707.69260963936,31.8329537115259,2
109,3564.40849216433,375.117180808448,1987.05294895884,27.8767138592906,2
159,3580.06934867444,74.9812057683219,397.922735020986,12.8467130947891,1
222,3599.71179947683,137.861562825827,733.323579771754,12.8674457964783,1
321,3631.11183454847,62.7091140451499,334.800929163104,10.2849892169725,2
347,3639.17056511194,67.7021107314121,361.800188332282,16.2715412932088,2
428,3664.8579334328,60.3890176443903,323.691075087782,12.6833194405532,2
457,3674.12808588032,72.710544914679,390.15805330769,10.5167332193528,2
489,3684.31907056321,294.57690720799,1582.55361086207,29.2582891358273,1
521,3694.50320441936,247.538726711763,1331.43044088062,32.6494961632788,1
574,3711.6591238376,227.973450523689,1228.64602593711,34.891905381008,1
611,3723.37353515377,120.352064991193,649.512012513432,18.4480593181418,2
632,3730.00210461687,141.5634655377,764.573009133486,20.3859200481366,2
725,3760.13378226236,100.559287918836,545.011445508709,19.4339770346436,3
747,3767.19128568909,86.56627180888,469.554907984877,22.3904747494481,3
766,3773.13652222311,73.6430698581947,399.730916560889,12.198084918675,3
795,3782.54669371843,284.447563784249,1545.64454490466,20.0521232652904,1
30,3805.15132344508,121.037866109712,659.415748080216,18.2245615059995,2
51,3812.015912568,114.820024221132,626.03478467552,14.949084361228,2
85,3822.91065636347,348.511729307223,1902.57458015879,38.5333103853164,2
109,3830.81045847465,268.0867895869,1464.85063659448,25.6847908645925,2
161,3847.83598689708,200.269204931929,1096.42582908605,26.4636055178547,1
317,3898.77141067041,168.784106837536,929.439765970514,26.3328132958844,1
357,3912.02941805262,253.212473488462,1396.46330740009,47.3641903492676,1
407,3928.4358842587,206.979531486552,1143.61721871658,45.8927080003265,1
446,3941.26675070882,146.447121612497,810.336965535703,17.7178892803403,1
490,3955.72478145231,90.3540937516798,500.775598334116,11.2473837407292,2
509,3961.88470893507,205.152946192159,1137.82493804582,24.2637862469418,2
535,3970.46631876042,106.802273007773,592.924056235623,11.8489830567329,1
574,3983.47019303828,140.297095580194,780.017336131181,17.666287273213,1
611,3995.60454976938,65.6299521989984,365.385431133705,12.5007534697121,1
33,4010.84624079716,114.947351816637,641.050914840081,15.4360301636889,5
53,4017.24642140647,365.504946170058,2039.8537052865,44.5997128128485,5
70,4022.92193360488,201.020267033554,1122.59287201005,38.7464753058387,5
88,4028.94113039572,90.2324679581711,504.241404397232,18.1491839783267,5
116,4038.47820199123,121.654544751128,680.562807620957,16.909627434464,5
159,4052.58287528692,67.2399916243138,376.749898977409,11.3228156875771,3
175,4058.03890984505,92.5056134496173,518.631040508324,26.433305904673,3
191,4063.54739870245,65.9447221199323,369.945517095591,15.7690342463842,3
21,4078.68242488986,54.1607359977092,304.351809606027,12.8418405175245,1
78,4097.50664740433,128.064300235422,721.157472816545,13.785785770839,2
103,4106.00504016733,230.949637760794,1301.75672921974,30.2003248666957,2
136,4117.14916219869,86.8921935858225,490.378071533375,22.5107734426278,1
175,4130.3878366789,178.419387852837,1008.39402439868,24.2024405587044,1
209,4141.91502461204,215.704091015196,1220.67852484626,30.8347815805977,1
263,4160.12729534721,3699.00356090961,20975.0318597269,37.4923253445811,1
323,4180.41829319047,362.879721410912,2062.30707584519,29.5208170388301,1
354,4191.02124481388,907.567096539747,5163.88802045848,32.9660683349097,2
365,4194.70857028205,530.006523483735,3016.86321508462,31.0128845566232,2
422,4214.27640666396,128.414843799806,732.527926974225,24.8614802096687,1
488,4236.70835564978,32.5514565532884,186.143664685723,11.3558515043112,1
20,4246.9443504191,75.2530041211699,430.812746370805,11.3741543850419,1
54,4258.58046155564,84.6501705666017,485.227428802055,18.8247413651953,1
18,4273.18748114414,62.7196346447955,360.092414883315,13.4614010272088,1
72,4291.6777003369,313.277781080273,1802.25247296379,48.003290580761,1
97,4300.28126788248,358.727523554033,2065.65384751151,28.4939600613262,1
131,4312.06909838854,49.987482189492,288.211208605986,9.23826308585138,3
155,4320.23101966295,45.860633484109,264.651729230246,9.25696359505021,3
170,4325.45555052589,37.81490133095,218.345363483198,7.30728982440282,3
36,4347.34905182247,359.029056883204,2077.97958644603,41.5712901929539,2
51,4352.31274469614,179.85692429556,1041.53094046238,37.2288352516697,2
98,4368.82431290958,264.062080194351,1531.88560258481,31.6316233623118,1
142,4384.06495287952,127.820317044505,742.736153661191,25.3389540132896,2
158,4389.74904372249,122.538868653389,712.483271482574,20.7765588851265,2
187,4399.7830886853,125.903556464973,732.838377357653,25.0067541519846,1
224,4412.63865556798,354.246604835025,2064.79317728516,61.7640753483719,3
241,4418.59677339398,189.302852079573,1104.0941736311,30.8047534657065,3
261,4425.72192114748,119.558594625147,697.850030621781,15.7132001780741,3
22,4440.39463844543,81.8166441452035,478.306788651377,17.1127615505106,1
55,4451.92697618921,115.09705490577,673.698554940977,21.9287625530281,1
92,4464.95676394379,650.470760646935,3812.71704443812,26.5947518760291,1
124,4476.22592228457,328.750399087295,1929.28325454352,50.2478838698499,1
232,4514.12816302135,74.5757446615792,439.42163156865,8.58319655908548,3
266,4526.1798705626,87.7730190797452,517.846620035859,16.4612334142341,3
286,4533.32280059219,132.736781436003,783.71968465048,22.0678044471242,3
348,4555.36306011677,125.651117899676,743.619109718394,21.3705892044358,1
36,4574.73973548157,191.25833510597,1134.21316968195,35.5377023866026,2
52,4580.28175203581,221.340846832969,1313.37920905849,36.4861277473966,2
91,4594.24716064926,358.230595367158,2128.78247651417,25.1401734244293,1
120,4604.76698820193,285.581691032812,1698.94953760757,41.8574017712974,1
40,4633.88409947222,264.51311345474,1578.43709722993,25.1837369820827,1
86,4650.33211155393,225.147542669153,1345.85033349645,22.5276296103328,1
114,4660.56145636841,47.4080214248061,283.691845507344,9.7245583486456,2
146,4672.07436891289,126.298165567583,756.68537833194,19.5543334875664,2
185,4685.96965070586,61.391704776266,368.348336944205,12.5095878075558,2
204,4693.02981411509,152.613807280105,916.353333585374,35.6183083372911,2
244,4707.28154023958,105.381562965892,633.693491983467,10.5098926557833,1
274,4718.19674348174,1094.54872601428,6589.36285278888,38.2719594657271,1
296,4726.19753235082,221.501940982338,1334.58854199146,24.8596693249812,3
317,4733.72907298851,167.173011661381,1008.03607736955,31.8893988429177,3
338,4741.32195688973,169.810622689813,1024.74856224392,43.4954863956493,3
23,4763.27934776521,179.65341252691,1086.61833016247,20.1956504159749,1
24,4783.50673146436,120.525479846809,730.515775006122,18.5949748426702,1
54,4794.11128700997,167.80895874302,1018.22032686741,29.4974630189387,2
68,4799.19835864774,227.220393467006,1379.4375072035,36.330056103277,2
127,4820.82633039051,139.742171153351,850.257880522171,29.8970877397785,2
155,4830.99283477643,294.737954840426,1795.20370215574,41.274968582083,2
214,4852.81383779154,116.649177785663,712.087314742548,12.8282948447544,1
243,4863.35043251311,389.416507574326,2379.77229949328,32.0105339689873,1
318,4890.99638290853,83.1478536215351,509.567248381631,13.1166585867893,1
343,4900.22186852685,268.945524107128,1649.77329439988,36.9359642898679,1
28,4921.68295137845,60.9182184090354,374.505523182631,10.1651394063822,2
49,4929.65296096085,118.591563870584,729.654902244905,29.8244337130538,2
89,4944.2352178071,247.663164810903,1526.05313458541,37.4822922601057,2
107,4951.10373088596,110.478986368014,681.225931925562,21.6947616044589,2
150,4966.89042273574,146.190800448895,902.875224952779,35.3527859949827,2
169,4973.83414580955,100.669389518477,622.172764111759,26.0619029015616,2
223,4994.08062378555,135.652795890141,840.103768858309,36.7273744123079,1
265,5009.8736059283,69.8149678560929,433.058112208969,13.4629896630717,1
23,5029.02880671533,89.1977154190681,554.35882727219,17.21812082596,2
49,5038.74194763212,50.368025331189,313.341041516228,10.8842513879376,2
84,5052.00998525532,67.2894337715755,419.169110745849,34.7400734184342,1
126,5067.63679899606,117.685679740079,734.257149405258,20.1753694406856,3
144,5074.19746829257,275.824531138547,1722.04116924621,36.0188476659367,3
164,5081.73313615033,89.4106452987341,558.635114201328,21.1244520186505,3
234,5108.23669611117,197.646101997194,1238.16965431365,34.6347263399935,5
251,5114.32924241608,244.004098367259,1529.51456184775,51.2177464035051,5
266,5120.13119021792,106.985308182401,671.015357258739,22.6281787894545,5
306,5135.26257294317,78.7554908344743,494.703773798505,21.2813626491093,5
323,5141.48908206492,72.3959794762571,455.038883449105,21.4417235678744,5
350,5151.92029963079,112.061019615327,705.082682611501,28.7255316865195,1
41,5188.64640021732,155.273007765965,980.543953940054,25.7351726348366,1
65,5197.46777564601,78.7832412948451,497.949087170336,20.8410009244041,3
83,5204.4472942455,74.6753399680941,472.311721306343,29.1030429916552,3
100,5210.87685536751,33.9035038382196,214.571808839761,14.7853641528524,3
146,5228.21255490624,75.887344931757,481.107630291859,18.0658874350034,2
171,5237.83826387819,117.681045341002,746.779538901852,17.7830578779604,2
212,5253.58502001587,58.6042310430273,372.468592982121,12.6350685738832,2
232,5261.13811897882,32.1211926709847,204.303425918303,9.54159945968295,2
310,5291.06216568693,116.879134447071,745.588966092094,15.5108718278848,2
331,5298.88650995409,285.868515800921,1824.99839188978,33.4311253773611,2
429,5336.70844167096,80.6918278891801,517.052980636656,14.3350309662072,1
519,5371.38600108594,116.164852190116,746.879524954922,17.1924708408856,1
552,5383.86384984777,58.2664607804727,375.078603071325,13.1786270626302,1
18,5402.01464279666,79.8846229296256,515.149777445266,17.6452028825904,1
50,5414.50659560343,219.875021895964,1419.62320068102,41.1091738901493,3
70,5422.10503158748,88.8016641391738,573.770822311163,22.3025495215782,3
109,5437.47171445076,124.209123034007,803.743751862321,42.4389809510821,3
23,5456.81446334655,86.4454697141524,560.427053200617,21.2233739616381,2
47,5466.19468048788,48.8405142320506,316.92074611947,13.7954531373546,2
86,5481.49009066749,95.0628834642732,617.76378884017,21.6775550912956,1
133,5499.83909836853,79.19411624756,515.551592419556,11.8657170009779,1
166,5512.52072378228,78.1664208613357,509.482498080167,22.8792236622419,1
209,5529.30458385472,134.388741371403,877.348528211667,17.728696556857,1
274,5554.93691068731,87.548884823556,572.963676281212,20.8265251955478,1
304,5566.54544520579,161.076423999328,1055.33638838873,38.0881655051611,1
345,5582.67811600914,89.3173526410244,586.090087656278,14.9857946828879,1
371,5592.8567145667,80.2390645699142,527.031207687798,24.668137813003,3
390,5600.55816054692,50.7360951670535,333.49282622785,15.2150321779712,3
415,5610.50563527016,59.2766181517781,389.999937439209,12.1879071493846,3
65,5642.54687093242,104.095661345524,686.968909340381,14.1047964065642,1
19,5684.94954064898,84.4054441143691,559.268048884075,11.9881518751214,1
78,5708.42836924796,82.9334446093286,550.734806001888,17.7879299422603,2
97,5716.13799521307,227.866814916979,1514.29239546205,38.8340828227453,2
119,5724.68794166202,73.9356309948104,491.736492551025,18.5245744004313,3
143,5734.53059935028,58.480489063556,389.307003145996,12.0317255058929,3
173,5746.23500958821,97.5679833429726,650.229657485827,34.257447275943,3
212,5762.13477791787,73.3092399856174,489.29070074305,16.9143050781182,2
237,5771.99355768355,109.627012427337,732.365083253044,42.7566115109292,2
274,5786.61763950796,136.321361983909,911.946386633093,20.9563575628226,1
46,5817.98585682065,43.319074746722,290.642285695445,14.2021543655508,1
79,5831.41179638705,171.541761557846,1152.37476955716,22.9353569972522,1
124,5849.4382023604,129.650909529865,872.427022216825,21.3961261418433,1
164,5865.58811199395,64.3888071541007,433.926916624845,16.7283374094387,2
185,5874.16673166731,78.9978727310185,532.804517775925,17.3274327272639,2
214,5885.86536537264,44.6338945703172,301.362407513395,10.9507730526983,1
256,5902.51637274692,42.2459049003607,285.679806098729,11.753463407428,1
293,5917.45604214837,140.397225137002,950.72360305279,40.8367693556307,1
357,5943.69450831789,63.4271142707423,430.550328679757,28.1884415234617,1
425,5971.27509707799,53.1662419467379,361.81726191606,12.1582830745692,1
490,5997.69807523111,100.697976297297,686.956805568821,23.8235293274397,1
535,6016.22988192049,120.13749139317,820.967385301206,31.0874643813446,1
591,6038.91075759832,103.396314285664,708.035007811875,31.861307751883,1
631,6055.29813690531,24.7484414455867,169.725975216367,14.8078361947163,1
33,6072.54688678543,79.5225788886665,546.229127566452,16.5852884181312,1
57,6082.62681290028,61.4170480211109,422.252787464645,18.7830624259671,4
74,6089.55422415443,67.8307913080873,466.642831286901,28.2203389124268,4
91,6096.30540017655,59.2657910365171,407.970525802146,14.7589759410504,4
110,6104.13684915495,39.3847521397706,271.307827202011,12.3430723461479,4
146,6119.1202388774,132.105921503207,911.272008974942,22.0752435678097,1
191,6137.61377318673,59.0174139124373,407.788458585224,12.952821043539,1
224,6151.03922175662,44.6794900135934,309.094603922395,11.7625438147951,2
244,6159.39451445462,54.88615542981,379.992118871435,16.3266257502829,2
29,6182.32660332292,70.3645479851568,488.164487621925,33.2884689750387,3
65,6197.02939930375,70.0103432813452,486.352171837534,15.8366778859634,3
87,6206.19119894667,193.302361791081,1343.95455249816,36.3322331586302,3
125,6222.05824395192,111.830071073756,778.621991837701,31.1784865815255,1
191,6249.53884661298,30.175825582408,210.620209968021,11.2897905553469,1
267,6281.12452583297,71.0304125038512,497.181575586336,20.5890877321245,1
301,6295.52089123211,220.174531892221,1543.1109381461,32.4678577373247,4
328,6306.73273051584,179.848332774418,1261.74510280346,23.8758529221042,4
351,6316.36808546807,90.4500542003839,635.108102720023,31.7703828628282,4
372,6325.26129573987,71.8203499428733,504.697191263832,53.3326231322481,4
408,6340.11642266516,75.6876221397349,532.577916287917,15.2006817482881,1
67,6400.85590178933,44.6813647596822,316.102238262715,20.5255008572475,2
87,6409.03325658933,97.8255695389395,692.576865819717,55.0181606411308,2
144,6433.32675613581,280.500859401844,1990.13547295339,8.42915587447841,1
166,6442.5180612338,4553.83378304089,32335.3849423953,35.497523949015,1
214,6462.76635434276,379.792336952904,2701.60852582746,55.3596951815145,1
270,6486.60412947667,151.37699773631,1079.06386062245,32.5861606494292,1
322,6508.43020631098,52.6356457872132,375.92369335889,17.8456146839037,1
23,6528.24221953144,61.3472734246498,438.903751266266,14.0732273866815,1
50,6539.72450771981,192.935041468813,1381.72525509989,32.3515247265804,3
63,6545.34100769648,119.855433465604,858.779539772878,24.1541259174261,3
110,6565.26868559087,42.3529075492857,303.992892166046,13.8141784980836,3
52,6603.56753491338,168.661672481962,1214.63648023515,37.6631997452185,1
103,6625.44236698067,321.9806574477,2323.19443330244,18.2517039124269,1
139,6641.06322587106,7756.6394596644,56042.586086865,37.162432604103,1
192,6663.5899545841,791.387204836048,5729.03227326581,60.2837861505349,1
238,6683.64317783062,227.847811999287,1652.30539671657,36.0514649677772,1
291,6706.30509620049,112.610179039297,818.224986383376,29.0979730854628,1
15,6728.35523179984,47.1695989369333,343.385832410077,16.2950301452737,2
39,6738.89505895293,46.3086433286606,337.42409137496,10.5784545726148,2
69,6751.73342639114,39.3281003874548,286.877340412365,11.9779434996453,1
21,6770.27417713405,58.9309225704732,430.554068294713,27.2549032849034,1
20,6783.9945427917,67.2036713787069,491.573237866578,12.2852961967441,1
64,6802.99359735234,248.394255448706,1819.88135534866,25.3971306294837,1
96,6817.08218714865,103.409248553317,758.549484419301,25.7616150281893,1
30,6847.46340379837,709.811907870265,5220.2765615366,26.9640016270566,1
79,6868.71474655633,608.210829162514,4481.1559797715,44.9113136011179,1
130,6890.99649350996,2856.41882917732,21085.3130294776,27.2295591716775,3
152,6900.77944800645,503.834198044656,3722.2568038956,25.2508747709246,3
168,6907.64903956828,412.287773836501,3047.69939053183,47.8790583885532,3
222,6931.37689390738,91.7252070098956,679.411744520051,21.0976878418893,1
266,6950.74769871989,2637.57634900875,19568.6345438224,27.4995720204999,2
292,6962.22523688812,565.556870344757,4200.03176906003,43.4276737085709,2
330,6978.83356964581,676.373114984281,5030.03298540465,33.1592338567914,1
364,6993.71047351473,542.914142693843,4042.59027743517,26.5717607519257,3
384,7002.71500553592,283.760604305382,2114.5095648239,30.4137869549859,3
406,7012.30925115308,81.0398249939866,604.374734756942,21.2197077124833,3
449,7031.25892492081,251.333358657294,1877.36578862352,33.341400354149,7
476,7043.30753207933,230.223458597938,1721.42098691231,20.2641468775762,7
501,7054.14195217247,527.719583563981,3949.43428734334,24.7893261476435,7
522,7063.4388472858,291.167131481347,2180.78057382729,31.3094988082063,7
541,7071.90781085179,188.694693458731,1414.28496923455,32.3539207371157,7
565,7082.78035258629,185.355148726221,1390.51761737655,24.4621949292762,7
591,7094.11087448307,109.596203744655,822.95899327586,23.5647635528242,7
27,7139.01053107985,89.9321911409329,677.832055806616,28.0313509245939,1
56,7152.1205439033,186.888649636204,1410.14238213014,23.53937003044,2
85,7165.02934142192,102.797861319926,776.478554331133,17.2928126727205,2
22,7197.77314574911,133.435842914731,1010.63895048343,33.3321862479264,1
51,7210.75657216207,69.9128979778477,530.086936632515,18.4663872315284,1
85,7226.37224498343,46.4705102102065,352.799023763474,11.8437164786578,2
100,7233.01951561545,37.3977132209669,284.075121208704,9.35420846122042,2
34,7255.35102796782,74.1166778739657,564.031607920561,22.6880669242115,1
70,7271.40303344113,180.01300419883,1371.71864629388,37.6526384939156,2
92,7281.58922536823,195.146959464107,1488.2866697771,26.1658697509844,2
121,7294.39510597097,115.115864292799,878.853955029079,33.8796203747066,2
152,7308.34978320411,123.374449537651,942.983117060627,25.1322362439998,2
201,7330.29983235317,97.1510112577826,743.886827814961,18.2164067074391,2
230,7343.46591025782,112.967077950218,865.922724875953,18.7579639811424,2
260,7357.02793840633,72.43200775556,555.826186610167,14.5693181958954,2
282,7367.12817634918,82.7873223570205,635.81441431808,14.7594693606202,2
353,7399.07310760496,171.391259845498,1319.73189210211,38.9994162354217,1
406,7423.31126570643,116.000260779521,894.976882225682,31.3138700246882,2
429,7433.62703895802,96.6426326459194,746.25168816807,25.592155577532,2
465,7449.99520351056,84.6259678927157,654.329834010102,41.8119378342244,2
491,7461.75895027534,74.2235541623213,574.445293674378,32.0471743226527,2
533,7481.00122636049,116.924823448453,906.337100415131,20.8295201773268,1
21,7515.10377520611,43.9251731984647,341.422534435189,14.9543838815485,1
93,7548.03564390547,49.0448433912015,382.228929882382,19.6121284454958,1
150,7574.24304165222,555.261126288001,4336.52315136715,25.468742385456,1
169,7583.17905991264,119.795781912921,936.261582468974,16.7288176298287,2
221,7606.71993560497,45.333233923338,354.969741660931,18.2090773412962,2
263,7626.3102899201,253.386241057334,1987.18366974532,30.7027510641977,1
322,7653.59599650214,66.6660335841527,523.968793412765,17.2283756576434,2
346,7664.38076376936,147.397028827634,1159.47878724065,22.0727464567974,2
374,7677.38362078316,143.667118598732,1131.30857104726,24.2728325388421,2
396,7687.37928621194,102.391078804002,806.921212136735,20.2879450884415,2
422,7699.51905601945,30.8394258885924,243.273228366154,13.3606584445644,2
465,7719.44072223857,47.2141887378835,373.033052411179,11.4522833419549,2
499,7735.43598310775,74.3751712583171,588.373862280665,26.7913339776658,1
526,7747.97367608127,69.1046625492438,547.222373353548,31.5830002704715,3
547,7757.4117651101,27.3570509663427,216.79537648823,9.9851825628008,3
579,7772.30416761479,29.0299264698405,230.323262007416,6.77533642103641,3
623,7793.09022959894,129.583792947081,1029.80491532485,22.6635978451159,1
33,7832.63712168582,102.330924037789,815.761773687483,33.2739302780961,1
104,7865.51612131524,30.4858185824417,243.654992069565,10.0206837599266,1
154,7888.90585276259,45.7447347376323,366.280900762013,16.1686915576229,1
53,7922.42920039306,150.312734667713,1206.72093592121,19.2419785950612,1
101,7944.74785220909,687.53570630534,5529.19950190111,27.6782871727128,4
123,7955.03954363498,202.623554032504,1630.81638915665,32.7678159192333,4
145,7965.3993913557,106.58651582457,858.553898424634,34.2991829686202,4
168,7976.18039210797,121.829113452737,982.156008395033,32.110156918515,4
225,8003.33793460939,55.4247178099294,447.763508418074,17.038534992569,1
268,8023.48140054341,118.397613591785,958.00150619881,30.8438676078065,5
292,8034.84357684091,107.507813491244,870.653321170798,21.6844041412611,5
319,8047.60213265105,150.395354062652,1219.18100119082,25.4389311614198,5
340,8057.75907722285,111.031263765426,900.78241234103,19.3095628647679,5
364,8068.7769664669,101.305487909367,822.577879271156,31.3865953540328,5
404,8087.71101381977,29.3483414785006,238.650175507569,15.6568004281937,2
431,8100.51375589034,27.9149841772863,227.218582884807,11.2650710380086,2
461,8114.83362902414,35.8969670864267,292.511358002625,14.3944515158883,1
39,8138.57287453212,48.4090666773459,395.188049925509,14.2809972815155,3
61,8149.33858003731,97.7533273994114,798.670035714239,28.2499383576981,3
80,8157.96735869602,63.5306531650148,519.405431816154,19.5342065360007,3
118,8176.49075887486,34.0677077435392,278.921658283189,15.6052518680384,1
200,8215.34619325691,351.474996387767,2886.17996541805,30.0195606442315,1
256,8242.24289172537,66.0491470207389,543.483888281827,17.2082122054113,4
283,8254.95094502463,95.2946961219327,784.889085901892,42.352472774218,4
311,8268.45376762866,54.167283398005,446.603934331577,16.7804955822215,4
334,8279.81286132628,45.5950392716332,376.251172029031,13.3849785773486,4
50,8323.47626884667,30.7576339637411,254.654176696772,14.1655565448852,1
80,8337.87416749686,35.0621998059021,290.609660581008,14.9152451733391,2
108,8351.05700752469,42.0852195363784,349.166944412518,10.7429161086821,2
149,8371.21587081727,110.186786965617,915.574718314743,25.2478970562386,3
173,8382.64820829473,39.6849997359033,330.038744383536,17.4718212010788,3
201,8396.12908418912,70.9068101206045,590.292703968406,16.7519045033007,3
250,8419.92772799965,74.4572439032732,620.960137045418,27.9836885004423,1
287,8437.60669041265,64.5746043860879,539.25606700654,20.6028089039225,1
386,8485.78586698472,86.3151526057647,723.415158503509,21.440838687142,2
409,8496.7004788367,35.5308120983696,298.029988208514,15.7612419357095,2
448,8515.8376637512,42.2283632182406,354.714991517252,12.5637493690851,1
494,8538.26809126751,95.1515165301462,800.602828155702,36.3287086205021,2
517,8549.26078368616,32.2399713141524,271.488514416396,12.7745769806023,2
32,8574.4115869632,322.868223845735,2723.91898587203,27.4416500901392,1
71,8593.25360523185,171.119707883373,1445.69370215208,54.2830390619588,1
130,8622.47179459739,35.5766491816379,301.218386935434,9.54958017737167,2
162,8637.84395777734,213.930218085692,1813.35318014665,26.2925863181374,2
23,8667.58364993869,111.487093902504,947.084325454623,20.3968904878242,1
76,8693.6045753096,696.093050295142,5924.66994066007,24.5515689752834,2
95,8702.59716259171,820.192100797041,6985.53842226509,40.1395769516131,2
116,8713.12636703177,191.82190481582,1635.00399380127,36.823133897433,3
164,8736.95253070195,112.261917053312,958.54641741102,18.2298956684686,3
191,8750.03172156559,100.799022831586,861.496840299341,21.5417275712196,3
245,8776.94500053485,396.976138468041,3399.5224158328,28.4878889964698,1
299,8803.50750612304,96.3680385736158,826.855948656235,18.9554852228041,1
336,8821.7677244177,1519.03412211094,13050.981011331,32.9954800787476,1
356,8831.48168062951,183.499624070694,1577.67809464207,9.38513438249314,3
377,8841.87801525885,193.041235462537,1660.971802333,47.7262073604647,3
420,8863.28126558197,32.6948243137982,281.752400278629,9.12727606301151,3
17,8879.35749014209,218.973231836102,1889.23959240184,17.818298029265,1
21,8899.87225539689,59.1714007219818,511.274911799734,15.8725569814733,2
40,8909.28979653895,97.6809408522137,844.595928720481,11.3613685280229,2
75,8926.60218502259,2948.68333625544,25527.7094994587,29.6051398717545,1
111,8944.62242403528,368.692151142683,3196.05107466619,42.5650214381221,1
165,8971.60476247522,105.248231660517,914.136180752358,30.0409642398871,2
191,8984.35851067345,112.07991170966,974.368656336761,30.753443355242,2
238,9007.86869218031,67.4525405237295,587.393572217177,26.7850186274503,1
278,9027.93855196796,162.38132560024,1416.09935104392,17.748507622845,1
312,9045.04726019483,59.9211335866937,523.204219560198,17.9681977687147,1
62,9087.08890376655,177.588592453528,1555.30179394692,30.1059329783442,1
101,9106.86266199141,45.9485811074112,402.982083166,13.7904386405756,1
157,9135.03157936625,392.076201241018,3445.54029604995,22.7035982193522,2
179,9146.13059481071,600.410111698827,5280.54113912088,71.4072571271338,2
211,9162.4562957115,206.782353380443,1820.74359638731,33.7091839761061,2
240,9176.80654011218,179.299932908307,1580.36991167054,81.9189027164606,2
281,9197.54221540277,95.2087482939314,840.417814838925,55.6334532249535,1
317,9215.93437114593,102.773160788245,908.37418380182,35.9339868529128,1
388,9252.10894911453,42.4641449121108,376.287562871914,13.6158721490651,1
426,9271.44159870097,74.6342631067234,662.260825210366,14.670002854382,1
25,9292.04235554704,59.563924124594,529.304373799158,23.5226639437559,1
66,9313.03766687347,54.6745865509626,486.575460094809,20.3149804509266,2
94,9326.89687212062,189.363767271945,1686.88388115879,22.2164914748655,2
180,9371.13705294227,1145.24309979977,10233.7649521483,33.2129826574374,2
203,9382.85991684738,300.933344487654,2691.31755865225,57.7358359670852,2
243,9403.39501148932,159.431867011347,1427.88821261563,17.121389661666,1
302,9433.2664269504,3040.05038571942,27283.9098736358,74.2806064715845,1
328,9446.89756190214,751.828092671297,6753.94499704477,51.1401740198563,1
385,9476.00476038707,170.043471144677,1530.66385549038,36.1882495594175,1
424,9495.92864968885,71.049750455822,640.448727250013,15.5486354847648,1
463,9515.88749042573,63.225200454805,570.708302085412,20.0272905566071,1
509,9539.78439440353,61.9275919809051,559.922667992614,17.1539621958393,1
48,9583.6740010691,133.699929596869,1212.53444916651,32.6579904027445,5
72,9596.24108106303,113.098518410245,1026.5893996629,33.8365935759523,5
98,9609.24975863516,111.921416195403,1016.81726198409,15.4291590512618,5
142,9632.39460027138,179.765544923186,1635.79519033981,45.5217647078195,5
159,9640.87590143024,322.890105041416,2939.88802035303,36.1579365217416,5
184,9654.04954866289,372.508693444288,3394.73632888332,44.1645701464616,4
205,9665.0364211522,234.422941749547,2137.95088673119,85.4472143530593,4
235,9680.46703164296,142.390028074273,1299.98218644023,47.6230266384489,4
289,9708.4429048077,139.86878106636,1279.41590477675,22.8801802653311,4
318,9723.76569418906,966.504125113236,8850.1434004259,91.3178109684597,1
345,9737.45059248197,168.98878004297,1548.85584406347,19.6302024661193,2
373,9752.32252508333,97.9850148233433,898.988538313116,28.2050592017038,2
462,9798.55318063253,91.2989787138983,840.290727855085,20.7538143323981,1
66,9863.46357273916,34.6651048704813,320.458127300799,12.2680423332254,1
99,9880.70860112173,94.9827215957771,879.084784565014,28.5362489189852,2
126,9895.06517310966,67.2727850271758,623.228789851979,18.3443667840571,2
192,9929.55822654047,195.55727615491,1815.90938462954,39.7020600084985,1
213,9940.78991000697,114.534287005779,1064.35072761029,29.0377690686931,7
227,9947.95621328857,148.126826152529,1377.18657680256,44.4752297977385,7
248,9959.10425891705,57.7194356957437,537.040869112955,20.4658695040286,7
273,9972.00630136886,36.7255688934181,342.003859083376,10.1922470057834,7
309,9990.99248136997,36.0232549992608,335.892205924902,11.6028961434667,7
329,10001.4722565054,44.7225263388999,417.300654695146,13.1280709489724,7
356,10016.1701210661,62.8760736365748,587.268384958084,15.7423270772243,7
523,10104.294763219,60.4472378064158,567.920882290565,21.260512469254,1
603,10146.8459130163,70.2977226858924,662.343737754609,18.7170076926752,1
645,10169.1954783371,48.4256665189602,456.943871099802,19.6422012973889,1
689,10192.6712720797,70.7066202343318,668.226778144075,22.6983604051836,1
738,10218.9047512646,96.6602823908573,915.095947849113,25.6725607327468,1
784,10243.2041508885,77.5884516175517,735.721790173144,28.2550271226445,1
827,10266.2860407656,83.5313493702448,793.282701354823,29.2478823713469,1
876,10292.3752463563,57.2559001420762,544.685380917425,24.4064233540351,1
912,10311.9513804494,38.5559323375782,367.262294132019,14.3451452003623,1
944,10328.8055959567,40.2485309820346,383.810131012687,18.5063626512654,1
24,10351.7587986568,59.53126715944,568.546633624959,24.1375139561746,1
67,10374.7770548116,49.5892637281196,474.311939367037,13.233848983641,1
108,10397.2126175285,26.8823978396804,257.502997833339,10.8324843558256,1
162,10426.355750901,30.970922039292,297.232040213609,10.6139073045135,1
195,10444.1466471132,36.818289502253,353.760469215501,19.7135555036691,3
218,10456.5506069466,53.4983722573927,514.44322437342,21.0235913015617,3
237,10466.6784855314,30.7132775423682,295.535451652218,10.3154227920842,3
279,10489.2345498802,59.8913247712756,577.144840312224,25.8865795500562,3
305,10503.1717106181,66.5304374772115,641.703931792428,19.6624553317897,3
331,10517.4249396489,79.8890101737816,771.26449368734,20.298172630503,3
380,10543.9662696805,137.843787521597,1333.06411697255,25.451106961718,3
403,10556.5571107038,37.2840095779759,360.861563086091,17.135830012792,3
423,10567.4254438653,28.785359380012,278.801534635224,20.2481098149288,3
467,10590.9663424131,61.6465097479702,597.988666297474,28.522798860938,1
543,10632.3745181501,80.1486151051284,779.544049358006,23.2200723582287,3
570,10646.9075768248,47.1391518003692,458.91563800489,14.0944436381563,3
588,10656.7500367341,45.2910828257704,441.20340091308,17.0800422997486,3
618,10673.2945155393,40.491729286057,394.870260910567,15.3586198596396,1
677,10705.5736983183,30.9600238058918,302.5445085849,16.4047633480401,4
708,10722.2458741473,37.6750539569245,368.558076896593,13.8621172791137,4
727,10732.9522465592,44.566696643612,436.274912446187,15.8215865495025,4
751,10745.7349265086,68.9730355839359,675.74735731021,16.4751554303409,4
25,10791.0146780533,45.3187964494829,445.286305426463,13.8316417662046,6
57,10808.6185021091,45.8594950357248,451.104905699557,17.4606393528073,6
80,10821.0460533389,18.9516386578987,186.568680688013,10.6092273021704,6
110,10837.658833581,28.4926690049542,280.791604347992,13.4011651445967,6
134,10850.8961461425,73.3365593139785,723.330730980997,21.0997123946266,6
156,10862.5011065154,53.8372097657482,531.396902345018,14.2529246095752,6
279,10930.7557061148,60.8101537970757,602.823842458274,29.3179389364728,1
347,10968.020939029,31.9423717784199,317.397364859524,10.7445492128667,2
364,10977.5096917365,27.9435669686348,277.829145731561,13.9886766863098,2
419,11007.9179848244,29.1959054401024,290.836862052638,12.2923468834947,5
440,11019.4423986525,21.6580304518307,215.904249954529,14.0130308927878,5
462,11031.7162115217,20.9344769662457,208.852313685766,12.0409881664262,5
493,11048.9674916494,25.8717174002568,258.388258668686,10.3151852896495,5
514,11060.4156459302,44.3462528799586,443.216875843172,13.5292491925921,5
608,11112.7526435526,34.5061717867486,346.002255922226,11.0351894177069,1
689,11157.6523974126,75.7705535227856,761.902703990769,18.4389499480852,4
715,11172.6064369453,36.2388007306228,364.734975469128,9.38425461278485,4
744,11188.448811422,39.2200929805559,395.130335208645,14.1079113509756,4
771,11203.8611209699,43.4673083844054,438.339526744763,21.1444183237219,4
31,11262.6595234999,31.4389069925301,318.199306520599,14.7215807294259,5
57,11277.3565062931,39.8170827056738,403.363161054357,15.1126698405258,5
80,11290.2381046927,38.9119450130713,394.507852684753,28.3408773028094,5
102,11302.8695294087,42.7450931645155,433.708479733234,29.4483475207956,5
124,11315.1663839837,46.1412818028662,468.523093311749,20.6718001437006,5
242,11381.3470019534,51.6297853114157,526.395060557873,22.7444497383516,3
260,11391.3848450557,33.4270421488823,341.017989268325,15.270198022882,3
280,11402.8414535856,29.2692980060973,298.811397158553,18.4278037369247,3
308,11418.480512351,49.0157196818322,500.883738980601,18.4856722688604,1
369,11452.9248602208,46.2583303928976,473.704873753627,18.3999349270901,2
390,11464.6583120308,27.2712113700245,279.469258179217,12.4819115941089,2
428,11486.3777339284,33.870539405025,347.558679676982,21.0222185430865,1
458,11503.1059447198,48.6108403747913,499.324165471276,18.3915509394991,4
481,11516.301968903,37.4861200570686,385.362479277236,13.2562573218814,4
502,11528.027584271,77.7064065430098,799.403533838308,16.7286708431455,4
523,11539.9731214139,225.128757358561,2317.69405292192,31.1986285929706,4
556,11558.8526024336,46.6108003570868,480.408279751421,15.6998473076195,2
579,11572.1669975843,48.247232089559,497.677200797138,16.2194219472594,2
56,11638.8953494346,31.5567064321783,326.831542055045,13.6654219135545,1
94,11660.8850112553,48.1554321114433,499.407441852699,19.0900970868179,3
130,11681.1606740372,71.5869944152971,743.319624004378,13.1542439673928,3
154,11695.1443403627,325.76713372555,3385.43975139423,24.4175860709651,3
179,11709.3098441944,80.7442568497238,839.827838421272,15.6418040055907,1
236,11741.6400981665,162.620787824435,1694.72716726673,30.3559389462291,3
264,11757.548114774,57.7624655481157,602.53833439086,17.0371853292679,3
292,11773.832615624,82.9300500979556,865.915539224708,24.274686449216,3
330,11795.4984323266,56.3230941570155,588.863234369541,22.3308075251393,1
491,11888.1440088115,93.7511475550319,985.619818897956,18.1299123836432,6
520,11904.7030169078,41.0349342362378,431.832194887707,25.1746921687581,6
545,11918.939370382,62.8232378707353,661.682424987378,17.7319391494026,6
569,11932.7061677768,40.0890384636533,422.58151590919,19.1191293171893,6
597,11949.1459752251,65.3052295146202,689.060014078145,19.9073024691312,6
624,11964.9199809568,38.7155946212158,408.885475531597,11.9296981802275,6
813,12074.2927753621,38.3574239451312,407.731664261488,14.9932254420658,1
892,12120.0781478281,36.3995232557746,387.963914620744,11.51408898432,1
945,12150.5428474039,42.6378257352366,455.268767220451,13.7593593816499,2
973,12167.1695776066,69.6306600614466,744.212378983766,23.313626642736,2
1014,12190.8236660295,61.9313709027018,662.840375030738,16.9115325857657,1
1059,12217.1891429581,34.3930899852014,368.671316863082,10.9829834263409,1
54,12293.6901547643,52.8450150035335,568.997145106177,13.9358635319511,5
79,12308.4320728914,72.6758694002794,783.192906113923,23.7539315340869,5
113,12328.1388132885,25.8133534182311,278.49687080448,13.6427342488058,5
143,12346.0505636747,29.7474438606118,321.27514707432,13.1025895681557,5
166,12359.3802697237,39.239355228051,424.116432570925,29.8013306313687,5
196,12376.8008354686,38.8466327544927,420.295780312372,17.401688412105,2
228,12395.8218644033,32.4058756772684,350.99715565923,13.3017731780661,2
275,12423.1385637766,38.1154360197502,413.491461289012,16.8330115176728,1
334,12458.0195932458,63.7474746781631,692.951431662247,23.725056994583,2
348,12466.6709072237,53.5822942165718,582.743791920349,27.2578114255191,2
433,12516.5219768865,25.6163538113986,279.395444695495,13.405359676026,1
521,12568.6393279254,125.12898662177,1368.85804395667,18.565829746773,4
549,12585.0707194563,437.078107815792,4785.94953974047,28.3274544928524,4
579,12602.8066334313,155.942141381813,1709.27971056672,27.1731383339931,4
608,12620.0399874565,197.622055019543,2168.26682903873,35.299711921596,4
647,12643.4325718902,45.3808926165721,498.574654408763,14.2957068966663,3
687,12666.9209208144,22.4435556355761,246.905218094794,11.4078643108803,3
715,12683.5812250399,48.2847306664474,531.692295908522,17.9233421421963,3
819,12745.3632540465,158.203574045343,1748.19986492506,39.3771580723438,1
42,12792.2677436518,44.3904059178158,491.832854998289,19.7426068494712,2
71,12809.6274347108,35.2448701630628,390.886369000851,16.860327083673,2
110,12832.7357333538,41.9500406154622,465.858120996903,14.1785487808194,1
153,12858.5339720648,251.473277671325,2796.69363060249,26.3869587203515,2
182,12876.1197544777,1001.78645911897,11152.1431468001,29.946886591044,2
317,12956.9564266704,29.9459892421143,334.883345303293,15.7200292303504,2
346,12974.4986727818,91.4994189371627,1024.23572299489,22.6225117538663,2
24,13039.0528083408,52.472593604567,589.495818529248,17.5308978201729,2
54,13057.2876396158,52.1258163829532,586.195625645292,19.0149902892216,2
96,13082.4960335772,129.390370320009,1457.13997230838,28.7772820433742,2
125,13100.3108781508,121.209290756744,1366.36121459733,35.6413801037562,2
163,13123.413818193,61.6736110296135,696.123647368256,18.2961832717077,2
193,13141.4602577876,68.0480715594442,768.843120494787,25.2093805458881,2
235,13166.5343529923,33.9899886877905,384.570944681682,15.3521738428414,1
379,13254.2402424751,38.3028251360164,435.472546810255,15.3137872123821,1
426,13282.5741151483,35.1924326885375,400.734715368094,8.34229257660805,1
466,13306.8080867009,43.1587026440853,492.101696685006,17.4102430630754,2
498,13326.8122713617,79.5423514516467,907.950360192105,24.8335221465785,2
532,13347.1796976091,38.9010386793598,444.539342285433,13.9253706069577,4
567,13368.750777965,58.1632841491377,665.443737148339,16.2932504160774,4
590,13382.8801243245,28.556905670702,326.971224773127,11.6355333390299,4
620,13400.9160550248,31.4497376741769,360.449056560967,16.1876365702738,4
651,13420.1696315638,46.3825763290092,532.155645750201,18.0405373387658,1
805,13514.0951301517,19.049224998958,219.676378396732,14.1919036621811,3
834,13532.3700430536,38.2932721790118,442.037981009602,20.2735016674224,3
864,13550.4939395143,13.7410311806612,158.775507009376,9.21943663772171,3
21,13577.2226466259,59.057671679525,683.391510471865,17.1597639889188,1
57,13599.5052479058,26.7187853205606,309.552065936806,12.0051015939639,2
92,13620.9212614909,174.06962713502,2019.02999174857,29.3915327757136,2
128,13642.9848451314,66.72710655324,774.888889650482,28.8789793088336,1
201,13688.1899328636,36.1886043025906,421.276340285845,15.2026881775845,1
54,13732.2149583886,1093.04110959893,12754.3911735366,37.3251969088028,1
94,13757.3822118839,1490.61665422355,17417.0973496542,19.8194511051366,2
122,13774.5424706573,7371.79081055779,86214.8969802267,31.5537461538492,2
146,13789.5793170134,1458.23825989401,17068.1937515942,26.7217720063965,2
169,13803.9703417637,1393.75784459885,16326.0408634968,91.4261572366039,2
248,13852.5448103568,225.372781619847,2646.8059235134,19.2645762805749,1
47,13893.7046708046,6655.78643016025,78338.0512103545,28.7895840285191,1
68,13907.1355889615,1338.4805003195,15765.0690087002,26.3926852559864,3
91,13921.5667521663,912.162805815546,10752.0060885181,65.3341694637829,3
138,13950.4216165253,1430.20394212079,16884.2122639337,33.6629377105165,3
187,13981.2678217407,998.89735220894,11811.7487176989,42.2374964663046,2
211,13996.0605331089,709.858383155197,8400.50458080089,40.4485220691641,2
280,14039.1488280041,399.739700795525,4741.33574591696,9.61992458439494,1
303,14053.7394016432,5060.61965009782,60070.5723364388,37.6612311468126,1
328,14069.3233416569,1527.80873939545,18150.316676548,32.3176113505333,1
378,14100.6729481804,1544.08067950313,18373.960182631,31.16473449793,3
405,14117.3589682027,807.350089007324,9615.59416257618,29.8904547085851,3
436,14136.8537604248,726.787135771803,8664.96254899323,29.9055850262914,3
470,14158.1721621922,1653.70841188379,19738.0730093154,47.9887716641995,1
501,14177.5893603863,374.966405188313,4480.02754760114,49.9080194980965,2
547,14206.5631518714,150.694061789574,1803.20011938324,21.8938837705922,2
25,14247.1381259421,88.9631693702072,1066.79229238296,18.7486397312796,1
55,14265.831816046,256.913719878269,3083.76283251339,29.2379050902234,1
114,14303.25988691,70.3424680945898,845.97797165944,15.8828053072084,2
145,14323.0854808451,47.884614640549,576.482127193623,11.8866201631938,2
47,14382.7956639742,61.5070013134271,742.783226845916,19.5402161397106,1
58,14432.0718427499,159.953617249213,1936.60318775886,29.7212452684535,6
80,14446.4925633712,175.945134664274,2131.80691167035,33.7322449027214,6
101,14459.5680376488,127.424380611592,1544.95817464872,29.3914636759974,6
134,14480.8496315188,63.1520337048296,767.427933571186,14.0458201040748,6
159,14496.3493879364,182.34824395826,2221.67334750697,41.0863032365668,6
184,14512.3423960355,93.4372847262308,1141.46351796415,27.7472229384795,6
225,14538.4890142347,222.221700943852,2726.6392315563,66.5440540103713,1
258,14559.5120652633,237.646906489905,2926.16279880318,61.9826591405987,1
295,14583.155513709,126.193676866456,1559.97234555776,30.1582039829081,2
319,14598.2813846791,99.5752252666288,1234.02867787168,33.9763484663799,2
405,14653.3311531242,96.4275855974682,1206.01042550566,20.8518964091757,1
447,14680.5045682591,109.429252031731,1374.80480187163,26.5767395521647,1
473,14697.0873390023,51.4044936069818,647.592724852447,12.6792340683338,3
492,14708.7645406381,70.7621711072461,893.185378356656,27.3571767551713,3
535,14736.6911005236,43.5146610029709,551.799927340153,15.2643495055018,3
621,14791.4753952864,107.982295159659,1381.73104137386,28.332490603641,2
644,14806.8105421669,37.0271115185069,474.992998896949,10.8305640555951,2
715,14852.057612873,34.5579123403811,446.626178868184,9.54170325301546,1
754,14877.1985360271,23.50501779653,305.033747905486,8.99774928915923,2
780,14894.1848126748,28.0284361252679,364.74933471463,20.4647553875185,2
911,14978.8882547359,33.6294267311804,443.733948230428,10.1416164030185,1
115,15082.5652113959,26.589420289641,356.799947758489,13.2172267504531,2
137,15097.0058920774,20.8575384714152,280.539482837201,12.1830875097887,2
203,15140.2065889114,1197.96634081964,16225.8314366276,27.6222345779154,3
233,15159.4567984561,269.849590605208,3666.33732896536,37.1445445194864,3
261,15177.618723653,131.751202462448,1795.29546043768,41.8235970761458,3
351,15236.2380285969,26.3491701607386,362.443479048628,12.8989080873701,1
454,15303.2543247552,79.128239999645,1100.1850376326,19.8943132760257,5
482,15321.8212467189,58.2933297404426,812.907511490921,20.7425195007439,5
519,15345.7812197089,193.416497797905,2707.54624208645,35.663995219327,5
547,15364.034452013,136.556978955285,1917.16454718317,42.0433644816043,5
577,15383.8595063082,53.7525689682588,757.033441238903,24.7988833393759,5
788,15522.4427705791,40.8474458608206,588.051329559335,18.9821548277686,1
862,15570.9173728439,36.6847464839599,532.172587841822,11.0037468811448,3
890,15589.7443830511,30.8697330514181,449.143833321482,15.1073827580221,3
924,15611.8215531893,16.1671714312184,236.043645142744,10.2842535157765,3
981,15649.4690104963,26.3115947194808,386.427951311736,14.2634574564564,1
1130,15748.1902213953,19.4155013507408,289.576959120471,11.7880273447029,3
1153,15763.7734758185,17.1500046209787,256.408682519835,14.3681182270081,3
1175,15778.4073499407,11.2498226993799,168.578511319453,10.4514715467305,3
127,15881.5309526407,1241.59989872517,18905.0009687552,30.3823235051522,4
156,15901.3653594586,319.138046730833,4874.19943360291,40.5781533994773,4
183,15919.1572223527,148.079800576963,2267.83760778084,35.9764290964412,4
211,15937.6198717207,102.413723320545,1572.92965653328,33.3945373501885,4
307,16002.0395119683,64.7863943919194,1004.92487845692,24.2036387882424,1
369,16043.176962676,119.178835236312,1860.31041038357,27.0129897878132,4
398,16062.9272336347,71.1193165989685,1113.48736291167,10.0565914255132,4
435,16087.296409299,204.337441553199,3211.15816719242,28.3963709335258,4
463,16106.4429335608,156.354689959446,2464.29512092597,34.5243391387895,4
496,16128.1808996344,42.5534914045277,672.906853157348,15.9323677877371,1
117,16269.3486824254,38.0401733859091,614.547627667719,14.4022515787345,4
148,16290.2773180627,36.0394737486341,584.067014677031,21.3861066404154,4
176,16309.4093769327,28.8018009457556,468.118577118783,13.6211670877573,4
207,16330.1470703414,33.5138942141172,546.40742736519,15.6258640031985,4
314,16402.6190078134,21.639607412079,356.668714032351,14.9420456347664,1
669,16643.5681577848,42.797603081589,731.133276303465,19.1742739808968,1
705,16667.8454408921,42.2505459839796,724.377823000614,16.9703534488471,5
733,16687.0811756158,32.9290109794955,566.164427936137,11.2458769285399,5
764,16707.9927011488,31.9596956563437,551.192462615758,10.9796437301166,5
794,16728.9103327841,23.7340251634588,410.589202303094,9.56718454708472,5
836,16757.6142276747,24.5668633499906,426.791510817661,13.7265144417932,5
1103,16940.556107053,27.8782945486387,497.419794222065,10.4253317904487,1
1184,16996.3262125912,25.8167260856605,464.37288978909,11.2419005598075,1
1242,17036.3849897824,43.0055499300114,778.042779182991,14.885513458156,1
1389,17138.0256536547,119.733498599518,2198.08873630832,24.5330001648159,2
1428,17164.8896349482,80.598770977977,1485.35465342292,23.2250019522373,2
1575,17266.8693945464,453.430374896037,8478.84058108432,24.5118751714234,1
1607,17289.0140906062,108.65281589955,2038.14538476488,27.7488737609865,1
1759,17394.8734688408,504.233125938902,9601.5706324326,24.9902354361327,2
1797,17420.9369742419,145.27827359601,2776.57825493558,30.712140867766,2
1869,17471.3211649096,88.6212678043751,1705.8080821878,33.8038276224757,2
1900,17492.8519990389,38.6768853935171,746.721079269582,22.8771214336342,2
66,17558.3323558556,43.2689582755523,843.085540709985,14.2477217857994,1
126,17600.4429864041,94.4644870523207,1851.48706359327,19.6527322334313,2
156,17621.5047277526,56.6556696485568,1113.70969804521,17.3818139293374,2
428,17812.8910331805,30.7952291620846,621.642733466565,17.1711421527638,1
742,18034.9262344142,36.7499161774153,764.770148368808,14.2747266902502,1
991,18212.2953398502,19.8764535061789,423.693607263389,10.0338718233842,1
1089,18282.1509604734,76.9873094005742,1656.58767946516,26.4005643490873,2
1121,18304.8141478529,27.885953264746,601.868636474459,13.0068945790814,2
328,18644.49540096,187.038184572076,4223.21774990816,31.9271670724202,1
557,18810.0513511855,34.720508009351,801.153433834434,14.4996392669367,3
606,18845.2998622714,38.6636483749069,896.243618905262,21.0473501245958,3
640,18870.2040986168,37.8865579820413,881.078469315911,21.8592637028286,3
919,19073.4517017486,23.606969946146,563.602991180591,10.1692808069833,1
1605,19577.3726257195,24.6015607793751,626.07045352207,17.8484177424414,1
2497,20241.7905551811,15.2179082525875,420.176368388775,10.3955164850072,1
2900,20546.2919162552,28.6531237571463,820.472494083114,10.5383678502103,1
80,20970.3047632526,70.935495042188,2134.81685202495,19.5165349240924,3
196,21059.3327135366,77.5000999079896,2356.54256378591,16.4147222797549,3
232,21086.4007746207,228.569528863025,6971.85205619143,37.4478848855948,3
356,21181.5024872729,64.224682073437,1980.54095772369,20.2993134387503,1
493,21287.645233302,56.9770237970493,1778.51678828426,22.7833478379426,1
1057,21724.2105754299,36.3646586770621,1192.45274789575,12.8110209342818,4
1116,21770.5069940113,22.1724482849148,730.831797642654,11.5366336230268,4
1169,21811.7049525095,23.0184436211868,762.202824393414,11.5481448360949,4
1214,21847.1588045903,24.3311491218704,808.848456708222,10.9032645236257,4
136,22178.758778241,37.082449897916,1278.55699237815,16.2120149278921,7
184,22215.9498373406,80.7535002835721,2795.5941983973,29.0143613554605,7
227,22249.8627194417,96.9768339983072,3369.64246045829,35.8225024671587,7
269,22283.5357309645,101.494849622159,3539.55670691732,35.2915796072787,7
315,22319.8995180089,96.8355444185455,3390.41399729054,32.0946202882648,7
364,22358.0216590691,69.5079204009881,2443.68279603544,23.7997916851466,7
417,22399.9670131138,44.2487987228215,1562.71764574692,13.8316865030891,7
697,22622.3189534537,35.8661077226226,1297.27147231596,12.226904815269,1
148,22813.6798627446,22.0220606886379,812.900801005573,10.8507442672214,2
204,22858.6645515118,17.0515780558555,632.424572812793,11.5460297114341,2
439,23047.0544450855,58.5302943552017,2214.22868722981,14.3284251987794,1
970,23475.0357749124,49.9296381436942,1974.45160603044,18.4486659526154,1
615,25198.696430999,54.4487473756806,2551.68802251045,15.7365004593184,1
869,25411.7596629242,60.7991863207904,2907.11427015131,13.7777997885661,1
959,25488.1189411104,166.642774953476,8025.23550368788,32.5563563615352,1
1201,25692.1010537119,51.9776408060537,2551.15561095447,13.0201343736991,1
223,28103.4182922951,4475.64072836411,271693.376065723,37.0026966061598,1
451,28305.5427798454,1314.67925720378,81166.1717913639,48.2577773489236,1
118,28513.7046743232,247.051353712234,15517.8619716575,34.1279547113189,1
126,28891.3622140126,239.60907371726,15523.1744002232,29.6627835173016,3
221,28976.9630236058,144.125727500977,9402.34399336618,21.3803538460336,3
350,29092.7529888213,60.9217616112032,4011.73945884028,20.3941174446569,3
